elapsed_seconds,phase,total_bytes,used_bytes,free_bytes
0.000105,baseline,8585740288,2592821248,5992919040
0.051639,baseline,8585740288,2592821248,5992919040
0.115429,baseline,8585740288,2592821248,5992919040
0.178048,baseline,8585740288,2593083392,5992656896
0.242786,baseline,8585740288,2593083392,5992656896
0.306178,baseline,8585740288,2593083392,5992656896
0.369590,baseline,8585740288,2593083392,5992656896
0.433381,baseline,8585740288,2593083392,5992656896
0.497170,baseline,8585740288,2595377152,5990363136
0.548920,baseline,8585740288,2604740608,5980999680
0.611593,baseline,8585740288,2693541888,5892198400
0.675531,baseline,8585740288,2692788224,5892952064
0.739972,baseline,8585740288,2692788224,5892952064
0.804331,baseline,8585740288,2693967872,5891772416
0.857254,baseline,8585740288,2693967872,5891772416
0.914945,baseline,8585740288,2693967872,5891772416
0.978706,baseline,8585740288,2692526080,5893214208
1.042061,baseline,8585740288,2692526080,5893214208
1.105776,baseline,8585740288,2692526080,5893214208
1.172893,baseline,8585740288,2692526080,5893214208
1.232516,baseline,8585740288,2707206144,5878534144
1.295952,baseline,8585740288,2707206144,5878534144
1.358797,baseline,8585740288,2707206144,5878534144
1.423009,baseline,8585740288,2707206144,5878534144
1.486672,baseline,8585740288,2707206144,5878534144
1.550529,baseline,8585740288,2707468288,5878272000
1.603775,baseline,8585740288,2709630976,5876109312
1.660514,baseline,8585740288,2709630976,5876109312
1.724136,baseline,8585740288,2709237760,5876502528
1.787304,baseline,8585740288,2700062720,5885677568
1.843239,baseline,8585740288,2700062720,5885677568
1.902942,baseline,8585740288,2703339520,5882400768
1.953071,baseline,8585740288,2727784448,5857955840
2.012913,baseline,8585740288,2734796800,5850943488
2.076959,baseline,8585740288,2751574016,5834166272
2.135649,baseline,8585740288,2751705088,5834035200
2.198842,baseline,8585740288,2752229376,5833510912
2.261247,baseline,8585740288,2752229376,5833510912
2.317042,baseline,8585740288,2752229376,5833510912
2.374375,baseline,8585740288,2751836160,5833904128
2.438513,baseline,8585740288,2737483776,5848256512
2.502487,baseline,8585740288,2732961792,5852778496
2.567800,baseline,8585740288,2732961792,5852778496
2.624882,baseline,8585740288,2733158400,5852581888
2.686559,baseline,8585740288,2733223936,5852516352
2.751242,baseline,8585740288,2733289472,5852450816
2.810778,baseline,8585740288,2741678080,5844062208
2.868458,baseline,8585740288,2741678080,5844062208
2.918946,baseline,8585740288,2627784704,5957955584
